<?xml version="1.0" encoding="UTF-8"?>
<project-private xmlns="http://www.netbeans.org/ns/project-private/1">
    <editor-bookmarks xmlns="http://www.netbeans.org/ns/editor-bookmarks/2" lastBookmarkId="0"/>
    <open-files xmlns="http://www.netbeans.org/ns/projectui-open-files/2">
        <group>
            <file>file:/C:/Users/Ryzen/Documents/NetBeansProjects/Relaciones/Relaciones2/src/Servicios/ServiciosJuego.java</file>
            <file>file:/C:/Users/Ryzen/Documents/NetBeansProjects/Relaciones/Relaciones2/src/Servicios/ServiciosJugador.java</file>
            <file>file:/C:/Users/Ryzen/Documents/NetBeansProjects/Relaciones/Relaciones2/src/Entidades/Jugador.java</file>
            <file>file:/C:/Users/Ryzen/Documents/NetBeansProjects/Relaciones/Relaciones2/src/Entidades/RevolverDeAgua.java</file>
            <file>file:/C:/Users/Ryzen/Documents/NetBeansProjects/Relaciones/Relaciones2/src/Servicios/ServiciosRevolverDeAgua.java</file>
            <file>file:/C:/Users/Ryzen/Documents/NetBeansProjects/Relaciones/Relaciones2/src/Ejercicio2/Ejercicio2.java</file>
            <file>file:/C:/Users/Ryzen/Documents/NetBeansProjects/Relaciones/Relaciones2/src/Entidades/Juego.java</file>
        </group>
    </open-files>
</project-private>
